"","R.D.Spend","Administration","Marketing.Spend","State","Profit","prediction"
"27",75328.87,144135.98,134050.07,"Florida",105733.54,110633.979049916
"40",38558.51,82982.09,174999.3,"California",81005.76,84279.3764384693
"47",1315.46,115816.21,297114.46,"Florida",49490.75,58319.5653824011
